n,date,stage,home,away,score_90,result,et,model_commit,commit_utc,p_h,p_d,p_a,pred_score,pick,pick_correct,exact_score,brier,logloss,p_result,frozen_brier,frozen_pick_correct,frozen_exact,brier_uniform,brier_baserate
1,2026-06-11,group,Mexico,South Africa,2-0,H,0,5739f8ef,2026-06-10 06:04,0.558,0.282,0.16,1-0,H,1,0,0.3005,0.5834,0.558,0.3005,1,0,0.6667,0.4967
2,2026-06-12,group,Canada,Bosnia & Herzegovina,1-1,D,0,5739f8ef,2026-06-10 06:04,0.42,0.316,0.264,1-1,H,0,1,0.714,1.152,0.316,0.714,0,1,0.6667,0.9186
3,2026-06-12,group,South Korea,Czechia,2-1,H,0,5739f8ef,2026-06-10 06:04,0.427,0.289,0.283,1-1,H,1,0,0.4919,0.851,0.427,0.4919,1,0,0.6667,0.4967
4,2026-06-13,group,USA,Paraguay,4-1,H,0,51344a4b,2026-06-12 09:31,0.385,0.321,0.294,1-1,H,1,0,0.5677,0.9545,0.385,0.4821,1,0,0.6667,0.4967
5,2026-06-13,group,Qatar,Switzerland,1-1,D,0,51344a4b,2026-06-12 09:31,0.082,0.187,0.73,0-2,A,0,0,1.2006,1.6766,0.187,1.0,0,0,0.6667,0.9186
6,2026-06-13,group,Brazil,Morocco,1-1,D,0,51344a4b,2026-06-12 09:31,0.274,0.375,0.351,0-0,D,1,0,0.5889,0.9808,0.375,0.6147,1,0,0.6667,0.9186
7,2026-06-14,group,Haiti,Scotland,0-1,A,0,f2893b7a,2026-06-13 10:20,0.115,0.193,0.693,0-2,A,1,0,0.1447,0.3667,0.693,0.2193,1,0,0.6667,0.653
8,2026-06-14,group,Australia,Türkiye,2-0,H,0,f2893b7a,2026-06-13 10:20,0.288,0.305,0.407,1-1,A,0,0,0.7656,1.2448,0.288,0.6702,0,0,0.6667,0.4967
9,2026-06-14,group,Germany,Curaçao,7-1,H,0,f2893b7a,2026-06-13 10:20,0.955,0.036,0.008,4-0,H,1,0,0.0034,0.046,0.955,0.0264,1,0,0.6667,0.4967
10,2026-06-14,group,Netherlands,Japan,2-2,D,0,f2893b7a,2026-06-13 10:20,0.358,0.319,0.322,1-1,H,0,0,0.6956,1.1426,0.319,0.6928,0,0,0.6667,0.9186
11,2026-06-14,group,Côte d'Ivoire,Ecuador,1-0,H,0,f2893b7a,2026-06-13 10:20,0.272,0.339,0.39,0-0,A,0,0,0.797,1.302,0.272,0.7674,0,0,0.6667,0.4967
12,2026-06-15,group,Sweden,Tunisia,5-1,H,0,1b007e23,2026-06-14 16:49,0.318,0.28,0.402,1-1,A,0,0,0.7051,1.1457,0.318,0.6953,0,0,0.6667,0.4967
13,2026-06-15,group,Spain,Cabo Verde,0-0,D,0,1b007e23,2026-06-14 16:49,0.975,0.021,0.005,5-0,H,0,0,1.9091,3.8632,0.021,1.7135,0,0,0.6667,0.9186
14,2026-06-15,group,Belgium,Egypt,1-1,D,0,1b007e23,2026-06-14 16:49,0.546,0.299,0.155,1-0,H,0,0,0.8135,1.2073,0.299,0.7504,0,0,0.6667,0.9186
15,2026-06-15,group,Saudi Arabia,Uruguay,1-1,D,0,1b007e23,2026-06-14 16:49,0.131,0.278,0.591,0-1,A,0,0,0.8877,1.2801,0.278,0.799,0,0,0.6667,0.9186
16,2026-06-16,group,Iran,New Zealand,2-2,D,0,5712857b,2026-06-15 13:25,0.949,0.041,0.01,4-0,H,0,0,1.8204,3.1942,0.041,1.2549,0,0,0.6667,0.9186
17,2026-06-16,group,France,Senegal,3-1,H,0,5712857b,2026-06-15 13:25,0.55,0.241,0.209,1-1,H,1,0,0.3043,0.5978,0.55,0.5064,1,0,0.6667,0.4967
18,2026-06-16,group,Iraq,Norway,1-4,A,0,5712857b,2026-06-15 13:25,0.055,0.15,0.795,0-2,A,1,0,0.0675,0.2294,0.795,0.2036,1,0,0.6667,0.653
19,2026-06-17,group,Argentina,Algeria,3-0,H,0,72918f54,2026-06-16 11:55,0.498,0.321,0.182,1-0,H,1,0,0.3882,0.6972,0.498,0.3832,1,0,0.6667,0.4967
20,2026-06-17,group,Austria,Jordan,3-1,H,0,72918f54,2026-06-16 11:55,0.861,0.104,0.035,3-0,H,1,0,0.0314,0.1497,0.861,0.1709,1,0,0.6667,0.4967
21,2026-06-17,group,Portugal,DR Congo,1-1,D,0,72918f54,2026-06-16 11:55,0.518,0.306,0.176,1-0,H,0,0,0.7809,1.1842,0.306,0.7575,0,0,0.6667,0.9186
22,2026-06-17,group,England,Croatia,4-2,H,0,72918f54,2026-06-16 11:55,0.674,0.216,0.11,2-0,H,1,0,0.165,0.3945,0.674,0.3089,1,0,0.6667,0.4967
23,2026-06-17,group,Ghana,Panama,1-0,H,0,72918f54,2026-06-16 11:55,0.45,0.28,0.27,1-1,H,1,0,0.4538,0.7985,0.45,0.5111,1,0,0.6667,0.4967
24,2026-06-18,group,Uzbekistan,Colombia,1-3,A,0,181e8fe9,2026-06-17 15:35,0.075,0.18,0.745,0-2,A,1,0,0.1031,0.2944,0.745,0.2601,1,0,0.6667,0.653
25,2026-06-18,group,Czechia,South Africa,1-1,D,0,181e8fe9,2026-06-17 15:35,0.613,0.229,0.158,1-1,H,0,1,0.9952,1.474,0.229,0.7654,0,1,0.6667,0.9186
26,2026-06-18,group,Switzerland,Bosnia & Herzegovina,4-1,H,0,181e8fe9,2026-06-17 15:35,0.591,0.258,0.15,1-0,H,1,0,0.2563,0.5259,0.591,0.2222,1,0,0.6667,0.4967
27,2026-06-18,group,Canada,Qatar,6-0,H,0,181e8fe9,2026-06-17 15:35,0.498,0.322,0.18,1-0,H,1,0,0.3881,0.6972,0.498,0.4809,1,0,0.6667,0.4967
28,2026-06-19,group,Mexico,South Korea,1-0,H,0,8b9b87ba,2026-06-18 12:17,0.51,0.324,0.166,1-0,H,1,1,0.3726,0.6733,0.51,0.5185,1,0,0.6667,0.4967
29,2026-06-19,group,USA,Australia,2-0,H,0,8b9b87ba,2026-06-18 12:17,0.346,0.299,0.356,1-1,A,0,0,0.6439,1.0613,0.346,0.7091,0,0,0.6667,0.4967
30,2026-06-19,group,Scotland,Morocco,0-1,A,0,8b9b87ba,2026-06-18 12:17,0.095,0.209,0.697,0-2,A,1,0,0.1445,0.361,0.697,0.3401,1,1,0.6667,0.653
31,2026-06-20,group,Brazil,Haiti,3-0,H,0,8b9b87ba,2026-06-18 12:17,0.873,0.091,0.036,3-0,H,1,1,0.0257,0.1358,0.873,0.0886,1,0,0.6667,0.4967
32,2026-06-20,group,Türkiye,Paraguay,0-1,A,0,8b9b87ba,2026-06-18 12:17,0.589,0.273,0.138,1-0,H,0,0,1.1645,1.9805,0.138,0.9321,0,0,0.6667,0.653
33,2026-06-20,group,Netherlands,Sweden,5-1,H,0,8b9b87ba,2026-06-18 12:17,0.617,0.224,0.159,1-1,H,1,0,0.2221,0.4829,0.617,0.2301,1,0,0.6667,0.4967
34,2026-06-20,group,Germany,Côte d'Ivoire,2-1,H,0,8b9b87ba,2026-06-18 12:17,0.791,0.136,0.073,3-0,H,1,0,0.0675,0.2345,0.791,0.3034,1,0,0.6667,0.4967
35,2026-06-21,group,Ecuador,Curaçao,0-0,D,0,4c9ec066,2026-06-20 12:40,0.912,0.07,0.018,3-0,H,0,0,1.697,2.6593,0.07,1.1539,0,0,0.6667,0.9186
36,2026-06-21,group,Tunisia,Japan,0-4,A,0,4c9ec066,2026-06-20 12:40,0.051,0.183,0.766,0-2,A,1,0,0.0908,0.2666,0.766,0.3824,1,0,0.6667,0.653
37,2026-06-21,group,Belgium,Iran,0-0,D,0,4c9ec066,2026-06-20 12:40,0.633,0.205,0.162,2-1,H,0,0,1.059,1.5847,0.205,0.7775,0,0,0.6667,0.9186
38,2026-06-21,group,Uruguay,Cabo Verde,2-2,D,0,4c9ec066,2026-06-20 12:40,0.811,0.148,0.041,2-0,H,0,0,1.3853,1.9105,0.148,1.0914,0,0,0.6667,0.9186
39,2026-06-21,group,Spain,Saudi Arabia,4-0,H,0,4c9ec066,2026-06-20 12:40,0.897,0.079,0.024,3-0,H,1,0,0.0174,0.1087,0.897,0.0566,1,0,0.6667,0.4967
40,2026-06-22,group,New Zealand,Egypt,1-3,A,0,341e2741,2026-06-21 17:03,0.062,0.162,0.777,0-2,A,1,0,0.0798,0.2523,0.777,0.1773,1,0,0.6667,0.653
41,2026-06-22,group,Argentina,Austria,2-0,H,0,341e2741,2026-06-21 17:03,0.535,0.299,0.165,1-0,H,1,0,0.3329,0.6255,0.535,0.4776,1,0,0.6667,0.4967
42,2026-06-22,group,France,Iraq,3-0,H,0,341e2741,2026-06-21 17:03,0.763,0.163,0.074,2-0,H,1,0,0.0882,0.2705,0.763,0.1763,1,0,0.6667,0.4967
43,2026-06-23,group,Norway,Senegal,3-2,H,0,69776549,2026-06-22 07:48,0.556,0.26,0.184,1-1,H,1,0,0.2986,0.587,0.556,0.5725,1,0,0.6667,0.4967
44,2026-06-23,group,Jordan,Algeria,1-2,A,0,69776549,2026-06-22 07:48,0.146,0.243,0.61,0-2,A,1,0,0.2325,0.4943,0.61,0.2094,1,0,0.6667,0.653
45,2026-06-23,group,Portugal,Uzbekistan,5-0,H,0,69776549,2026-06-22 07:48,0.561,0.262,0.177,1-1,H,1,0,0.2927,0.578,0.561,0.2205,1,0,0.6667,0.4967
46,2026-06-23,group,England,Ghana,0-0,D,0,69776549,2026-06-22 07:48,0.812,0.146,0.043,2-0,H,0,0,1.3905,1.9241,0.146,1.1206,0,0,0.6667,0.9186
47,2026-06-23,group,Panama,Croatia,0-1,A,0,69776549,2026-06-22 07:48,0.175,0.203,0.622,1-2,A,1,0,0.2147,0.4748,0.622,0.254,1,1,0.6667,0.653
48,2026-06-24,group,Colombia,DR Congo,1-0,H,0,0327100a,2026-06-23 11:04,0.428,0.336,0.237,0-0,H,1,0,0.4962,0.8486,0.428,0.4456,1,1,0.6667,0.4967
49,2026-06-24,group,Bosnia & Herzegovina,Qatar,3-1,H,0,0327100a,2026-06-23 11:04,0.546,0.305,0.149,1-0,H,1,0,0.3213,0.6051,0.546,0.6221,1,0,0.6667,0.4967
50,2026-06-24,group,Switzerland,Canada,2-1,H,0,0327100a,2026-06-23 11:04,0.419,0.295,0.286,1-1,H,1,0,0.5064,0.8699,0.419,0.3396,1,0,0.6667,0.4967
51,2026-06-24,group,Morocco,Haiti,4-2,H,0,0327100a,2026-06-23 11:04,0.858,0.115,0.027,2-0,H,1,0,0.0341,0.1532,0.858,0.1187,1,0,0.6667,0.4967
52,2026-06-24,group,Scotland,Brazil,0-3,A,0,0327100a,2026-06-23 11:04,0.175,0.241,0.584,1-1,A,1,0,0.2618,0.5379,0.584,0.3196,1,0,0.6667,0.653
53,2026-06-25,group,South Africa,South Korea,1-0,H,0,67109acd,2026-06-24 14:02,0.12,0.273,0.606,0-1,A,0,0,1.2162,2.1203,0.12,0.9415,0,0,0.6667,0.4967
54,2026-06-25,group,Czechia,Mexico,0-3,A,0,67109acd,2026-06-24 14:02,0.111,0.243,0.647,0-1,A,1,0,0.196,0.4354,0.647,0.3838,1,0,0.6667,0.653
55,2026-06-25,group,Curaçao,Côte d'Ivoire,0-2,A,0,67109acd,2026-06-24 14:02,0.021,0.062,0.918,0-3,A,1,0,0.011,0.0856,0.918,0.1466,1,1,0.6667,0.653
56,2026-06-25,group,Ecuador,Germany,2-1,H,0,67109acd,2026-06-24 14:02,0.14,0.245,0.616,0-2,A,0,0,1.1791,1.9661,0.14,0.9558,0,0,0.6667,0.4967
57,2026-06-25,group,Japan,Sweden,1-1,D,0,67109acd,2026-06-24 14:02,0.634,0.24,0.126,2-0,H,0,0,0.9954,1.4271,0.24,0.8793,0,0,0.6667,0.9186
58,2026-06-25,group,Tunisia,Netherlands,1-3,A,0,67109acd,2026-06-24 14:02,0.018,0.074,0.909,0-3,A,1,0,0.0141,0.0954,0.909,0.3096,1,0,0.6667,0.653
59,2026-06-26,group,Paraguay,Australia,0-0,D,0,fe78b6de,2026-06-25 21:46,0.205,0.388,0.407,0-0,A,0,1,0.5822,0.9467,0.388,0.7241,0,0,0.6667,0.9186
60,2026-06-26,group,Türkiye,USA,3-2,H,0,fe78b6de,2026-06-25 21:46,0.292,0.369,0.34,1-1,D,0,0,0.753,1.231,0.292,0.56,1,0,0.6667,0.4967
61,2026-06-26,group,Senegal,Iraq,5-0,H,0,fe78b6de,2026-06-25 21:46,0.579,0.295,0.126,1-0,H,1,0,0.2801,0.5465,0.579,0.2713,1,0,0.6667,0.4967
62,2026-06-26,group,Norway,France,1-4,A,0,fe78b6de,2026-06-25 21:46,0.378,0.27,0.353,1-1,H,0,0,0.6344,1.0413,0.353,0.5222,1,0,0.6667,0.653
63,2026-06-27,group,Cabo Verde,Saudi Arabia,0-0,D,0,0ddbdb85,2026-06-26 16:01,0.306,0.413,0.282,1-1,D,1,0,0.5177,0.8843,0.413,0.7966,0,0,0.6667,0.9186
64,2026-06-27,group,Uruguay,Spain,0-1,A,0,0ddbdb85,2026-06-26 16:01,0.149,0.431,0.42,0-1,D,0,1,0.5444,0.8675,0.42,0.2778,1,1,0.6667,0.653
65,2026-06-27,group,New Zealand,Belgium,1-5,A,0,0ddbdb85,2026-06-26 16:01,0.047,0.235,0.719,0-2,A,1,0,0.1364,0.3299,0.719,0.0403,1,0,0.6667,0.653
66,2026-06-27,group,Egypt,Iran,1-1,D,0,0ddbdb85,2026-06-26 16:01,0.303,0.421,0.276,1-1,D,1,1,0.5032,0.8651,0.421,0.6732,0,0,0.6667,0.9186
67,2026-06-27,group,Croatia,Ghana,2-1,H,0,0ddbdb85,2026-06-26 16:01,0.281,0.441,0.278,1-1,D,0,0,0.7887,1.2694,0.281,0.3734,1,0,0.6667,0.4967
68,2026-06-27,group,Panama,England,0-2,A,0,0ddbdb85,2026-06-26 16:01,0.034,0.244,0.721,0-2,A,1,1,0.1385,0.3271,0.721,0.0796,1,1,0.6667,0.653
69,2026-06-27,group,DR Congo,Uzbekistan,3-1,H,0,0ddbdb85,2026-06-26 16:01,0.401,0.47,0.129,0-0,D,0,0,0.5963,0.9138,0.401,0.5523,1,0,0.6667,0.4967
70,2026-06-27,group,Colombia,Portugal,0-0,D,0,0ddbdb85,2026-06-26 16:01,0.306,0.351,0.344,1-1,D,1,0,0.6332,1.047,0.351,0.7605,0,0,0.6667,0.9186
71,2026-06-28,group,Algeria,Austria,3-3,D,0,bcf8987b,2026-06-27 05:43,0.221,0.47,0.309,0-0,D,1,0,0.4252,0.755,0.47,0.6083,1,0,0.6667,0.9186
72,2026-06-28,group,Jordan,Argentina,1-3,A,0,bcf8987b,2026-06-27 05:43,0.013,0.177,0.809,0-3,A,1,0,0.068,0.212,0.809,0.0529,1,0,0.6667,0.653
73,2026-06-28,knockout,South Africa,Canada,0-1,A,0,bcf8987b,2026-06-27 05:43,0.117,0.399,0.484,0-1,A,1,1,0.4391,0.7257,0.484,0.5056,1,0,0.6667,0.653
74,2026-06-29,knockout,Brazil,Japan,2-1,H,0,53b9554c,2026-06-28 10:11,0.272,0.449,0.279,0-0,D,0,0,0.8094,1.302,0.272,0.6044,1,0,0.6667,0.4967
75,2026-06-29,knockout,Germany,Paraguay,1-1,D,1,53b9554c,2026-06-28 10:11,0.556,0.381,0.063,2-0,H,0,0,0.6963,0.965,0.381,0.9703,0,0,0.6667,0.9186
76,2026-06-30,knockout,Netherlands,Morocco,1-1,D,1,5d8603de,2026-06-29 01:50,0.264,0.422,0.314,1-1,D,1,1,0.5024,0.8627,0.422,0.6289,0,0,0.6667,0.9186
77,2026-06-30,knockout,Côte d'Ivoire,Norway,1-2,A,0,5d8603de,2026-06-29 01:50,0.212,0.338,0.45,1-1,A,1,0,0.4617,0.7985,0.45,0.4092,1,0,0.6667,0.653
78,2026-06-30,knockout,France,Sweden,3-0,H,0,5d8603de,2026-06-29 01:50,0.489,0.377,0.133,2-1,H,1,0,0.4209,0.7154,0.489,0.2265,1,0,0.6667,0.4967
79,2026-07-01,knockout,Mexico,Ecuador,2-0,H,0,3e8a0e97,2026-06-30 08:36,0.347,0.506,0.147,0-0,D,0,0,0.7041,1.0584,0.347,0.6086,1,0,0.6667,0.4967
80,2026-07-01,knockout,England,DR Congo,2-1,H,0,3e8a0e97,2026-06-30 08:36,0.409,0.515,0.076,1-0,D,0,0,0.6203,0.894,0.409,0.2318,1,0,0.6667,0.4967
81,2026-07-01,knockout,Belgium,Senegal,2-2,D,1,3e8a0e97,2026-06-30 08:36,0.447,0.381,0.172,1-1,H,0,0,0.6126,0.965,0.381,0.7481,0,0,0.6667,0.9186
82,2026-07-02,knockout,USA,Bosnia & Herzegovina,2-0,H,0,62786f17,2026-07-01 09:32,0.486,0.411,0.103,2-0,H,1,1,0.4437,0.7215,0.486,0.3769,1,0,0.6667,0.4967
83,2026-07-02,knockout,Spain,Austria,3-0,H,0,62786f17,2026-07-01 09:32,0.449,0.449,0.102,1-0,H,1,0,0.5156,0.8007,0.449,0.3136,1,0,0.6667,0.4967
84,2026-07-02,knockout,Portugal,Croatia,2-1,H,0,62786f17,2026-07-01 09:32,0.446,0.345,0.208,1-1,H,1,0,0.4692,0.8074,0.446,0.5618,1,0,0.6667,0.4967
85,2026-07-03,knockout,Switzerland,Algeria,2-0,H,0,49b19ecf,2026-07-02 07:13,0.431,0.382,0.187,1-1,H,1,0,0.5047,0.8416,0.431,0.4778,1,0,0.6667,0.4967
86,2026-07-03,knockout,Australia,Egypt,1-1,D,1,49b19ecf,2026-07-02 07:13,0.28,0.483,0.237,0-0,D,1,0,0.4019,0.7277,0.483,0.6398,0,0,0.6667,0.9186
87,2026-07-03,knockout,Argentina,Cabo Verde,1-1,D,1,49b19ecf,2026-07-02 07:13,0.615,0.348,0.037,2-0,H,0,0,0.8047,1.0556,0.348,1.5176,0,0,0.6667,0.9186
88,2026-07-04,knockout,Colombia,Ghana,1-0,H,0,239c70ea,2026-07-03 07:47,0.383,0.451,0.166,0-0,D,0,0,0.6116,0.9597,0.383,0.3313,1,1,0.6667,0.4967
89,2026-07-04,knockout,Canada,Morocco,0-3,A,0,239c70ea,2026-07-03 07:47,0.183,0.42,0.397,1-1,D,0,0,0.5735,0.9238,0.397,0.3304,1,0,0.6667,0.653
90,2026-07-04,knockout,Paraguay,France,0-1,A,0,239c70ea,2026-07-03 07:47,0.081,0.395,0.524,0-2,A,1,0,0.3892,0.6463,0.524,0.2612,1,1,0.6667,0.653
91,2026-07-05,knockout,Brazil,Norway,1-2,A,0,e075ee88,2026-07-04 23:52,0.47,0.306,0.224,2-1,H,0,0,0.9167,1.4961,0.224,0.7426,0,0,0.6667,0.653
92,2026-07-06,knockout,Mexico,England,2-3,A,0,153e1ccd,2026-07-05 22:47,0.231,0.402,0.367,0-0,D,0,0,0.6157,1.0024,0.367,0.3645,1,0,0.6667,0.653
93,2026-07-06,knockout,Portugal,Spain,0-1,A,0,153e1ccd,2026-07-05 22:47,0.205,0.326,0.47,1-1,A,1,0,0.4292,0.755,0.47,0.2733,1,0,0.6667,0.653
94,2026-07-07,knockout,USA,Belgium,1-4,A,0,73f33cb0,2026-07-06 11:20,0.233,0.311,0.456,1-1,A,1,0,0.4469,0.7853,0.456,0.3613,1,0,0.6667,0.653
95,2026-07-07,knockout,Argentina,Egypt,3-2,H,0,73f33cb0,2026-07-06 11:20,0.55,0.31,0.14,1-0,H,1,0,0.3182,0.5978,0.55,0.3753,1,0,0.6667,0.4967
96,2026-07-07,knockout,Switzerland,Colombia,0-0,D,1,73f33cb0,2026-07-06 11:20,0.269,0.337,0.394,1-1,A,0,0,0.6672,1.0877,0.337,0.7298,0,0,0.6667,0.9186
97,2026-07-09,knockout,France,Morocco,2-0,H,0,284a8d4c,2026-07-07 23:49,0.317,0.372,0.311,1-1,D,0,0,0.7016,1.1489,0.317,0.7787,0,0,0.6667,0.4967
98,2026-07-10,knockout,Spain,Belgium,2-1,H,0,284a8d4c,2026-07-07 23:49,0.381,0.365,0.254,1-1,H,1,0,0.5809,0.965,0.381,0.4423,1,0,0.6667,0.4967
99,2026-07-11,knockout,Norway,England,1-2,A,0,66251b5d,2026-07-10 07:33,0.224,0.264,0.512,1-1,A,1,0,0.358,0.6694,0.512,0.3088,1,0,0.6667,0.653
100,2026-07-12,knockout,Argentina,Switzerland,3-1,H,0,8b2363b7,2026-07-11 07:41,0.491,0.328,0.181,1-1,H,1,0,0.3994,0.7113,0.491,0.5169,1,0,0.6667,0.4967
101,2026-07-14,knockout,France,Spain,0-2,A,0,ff0eed01,2026-07-13 23:46,0.293,0.378,0.329,1-1,D,0,0,0.679,1.1117,0.329,0.3362,1,0,0.6667,0.653
102,2026-07-15,knockout,England,Argentina,1-2,A,0,d5c90d07,2026-07-14 22:00,0.311,0.342,0.347,1-1,A,1,0,0.6401,1.0584,0.347,0.8438,0,0,0.6667,0.653
103,2026-07-18,knockout,France,England,4-6,A,0,53b8b0e1,2026-07-16 02:46,0.441,0.331,0.228,1-1,H,0,0,0.9,1.4784,0.228,0.3802,1,0,0.6667,0.653
104,2026-07-19,knockout,Spain,Argentina,0-0,D,1,285efb1b,2026-07-18 23:07,0.437,0.389,0.174,0-0,H,0,1,0.5946,0.9442,0.389,0.7817,0,0,0.6667,0.9186
